{
  "accuracy": 0.9228571428571428,
  "precision": 1.0,
  "recall": 0.73,
  "f1_score": 0.8439306358381503,
  "auc_roc": 1.0,
  "confusion_matrix": [
    [
      500,
      0
    ],
    [
      54,
      146
    ]
  ],
  "true_positives": 146.0,
  "true_negatives": 500.0,
  "false_positives": 0.0,
  "false_negatives": 54.0
}